id,name,read,pattern,sequence,feature_type
HTO1,426-3,R2,5PNNNNNNNNNN(BC)NNNNNNNNN,GTCAACTCTTTAGCG,Antibody Capture
HTO2,427-3,R2,5PNNNNNNNNNN(BC)NNNNNNNNN,TGATGGCCTATTGGG,Antibody Capture
HTO3,429-3,R2,5PNNNNNNNNNN(BC)NNNNNNNNN,TTCCGCCTCTCTTTG,Antibody Capture
HTO4,432-1,R2,5PNNNNNNNNNN(BC)NNNNNNNNN,AGTAAGTTCAGCGTA,Antibody Capture
ADT1,CD56,R2,5PNNNNNNNNNN(BC),TCCTTTCCTGATAGG,Antibody Capture
ADT2,CD45,R2,5PNNNNNNNNNN(BC),TCCCTTGCGATTTAC,Antibody Capture
ADT3,CD3,R2,5PNNNNNNNNNN(BC),TATCCCTTGGGATGG,Antibody Capture
ADT4,CD19,R2,5PNNNNNNNNNN(BC),CTGGGCAATTACTCG,Antibody Capture
ADT5,CD14,R2,5PNNNNNNNNNN(BC),CAATCAGACCTATGA,Antibody Capture
ADT6,CD11c,R2,5PNNNNNNNNNN(BC),TACGCCTATAACTTG,Antibody Capture
ADT7,CD4,R2,5PNNNNNNNNNN(BC),TGTTCCCGCTCAACT,Antibody Capture
ADT8,CD44,R2,5PNNNNNNNNNN(BC),TGGCTTCAGGTCCTA,Antibody Capture
ADT9,CD8a,R2,5PNNNNNNNNNN(BC),GCTGCGCTTTCCATT,Antibody Capture
ADT10,CD16,R2,5PNNNNNNNNNN(BC),AAGTTCACTCTTTGC,Antibody Capture
ADT11,CD326,R2,5PNNNNNNNNNN(BC),TTCCGAGCAAGTATC,Antibody Capture
ADT12,CD340,R2,5PNNNNNNNNNN(BC),CTGTAGCCGCCTATT,Antibody Capture
ADT13,CD324,R2,5PNNNNNNNNNN(BC),ATCCTTCTCCCTTTC,Antibody Capture
ADT14,CD11b,R2,5PNNNNNNNNNN(BC),GACAAGTGATCTGCA,Antibody Capture
ADT15,CD54,R2,5PNNNNNNNNNN(BC),CTGATAGACTTGAGT,Antibody Capture
ADT16,CD81,R2,5PNNNNNNNNNN(BC),GTATCCTTCCTTGGC,Antibody Capture
ADT17,CD15,R2,5PNNNNNNNNNN(BC),TCACCAGTACCTAGT,Antibody Capture
ADT18,CD71,R2,5PNNNNNNNNNN(BC),CCGTGTTCCTCATTA,Antibody Capture
ADT19,Podocalyxin,R2,5PNNNNNNNNNN(BC),GAGCCGGTATAATGC,Antibody Capture
ADT20,PD-1,R2,5PNNNNNNNNNN(BC),ACAGCGCCGTATTTA,Antibody Capture
ADT21,TIGIT,R2,5PNNNNNNNNNN(BC),TTGCTTACCGCCAGA,Antibody Capture
ADT22,CD62L,R2,5PNNNNNNNNNN(BC),GTCCCTGCAACTTGA,Antibody Capture
ADT23,CTLA-4,R2,5PNNNNNNNNNN(BC),ATGGTTCACGTAATC,Antibody Capture
ADT24,CD18,R2,5PNNNNNNNNNN(BC),TATTGGGACACTTCT,Antibody Capture
ADT25,LFA-1,R2,5PNNNNNNNNNN(BC),GCGATTCATGTCACG,Antibody Capture